{
    "loss": 15.249980926513672,
    "accuracy": 0.5035971403121948
}